BankID;BankName;M1_NRFCURR_BUPRMETALSCASHASS;M1_NRLCURR_BUPRMETALSCASHASS;M1_RFCURR_BUPRMETALSCASHASS;M1_RLCURR_BUPRMETALSCASHASS;M1_TOT_BUPRMETALSCASHASS;M1_NRFCURR_FIXEDASSETSASS;M1_NRLCURR_FIXEDASSETSASS;M1_RFCURR_FIXEDASSETSASS;M1_RLCURR_FIXEDASSETSASS;M1_TOT_FIXEDASSETSASS;M1_NRFCURR_TOTASSETS;M1_NRLCURR_TOTASSETS;M1_RFCURR_TOTASSETS;M1_RLCURR_TOTASSETS;M1_TOT_TOTASSETS;M1_NRFCURR_CAPRESERLIA;M1_NRLCURR_CAPRESERLIA;M1_RFCURR_CAPRESERLIA;M1_RLCURR_CAPRESERLIA;M1_TOT_CAPRESERLIA;M1_NRFCURR_TOTLIABCAP;M1_NRLCURR_TOTLIABCAP;M1_RFCURR_TOTLIABCAP;M1_RLCURR_TOTLIABCAP;M1_TOT_TOTLIABCAP
1826;Bank 2B 2;18774.0000000;-24723.0000000;6738.0000000;9390.0000000;10179.0000000;4575.0000000;9447.0000000;8322.0000000;41994.0000000;64338.0000000;285567.0000000;210247.0000000;270456.0000000;677817.0000000;1444087.0000000;77421.0000000;96348.0000000;-3639.0000000;14925.0000000;185055.0000000;409964.0000000;551404.0000000;159019.0000000;291259.0000000;1411646.0000000
1827;Bank 2B 2;18774.0000000;-24723.0000000;6738.0000000;9390.0000000;10179.0000000;4575.0000000;9447.0000000;8322.0000000;41994.0000000;64338.0000000;285567.0000000;210247.0000000;270456.0000000;677817.0000000;1444087.0000000;77421.0000000;96348.0000000;-3639.0000000;14925.0000000;185055.0000000;409964.0000000;551404.0000000;159019.0000000;291259.0000000;1411646.0000000
